,buying,maint,doors,persons,lug_boot,safety,target
0,3,3,0,0,2,1,2
1,3,3,0,0,2,2,2
2,3,3,0,0,2,0,2
3,3,3,0,0,1,1,2
4,3,3,0,0,1,2,2
5,3,3,0,0,1,0,2
6,3,3,0,0,0,1,2
7,3,3,0,0,0,0,2
8,3,3,0,1,2,1,2
9,3,3,0,1,2,2,2
10,3,3,0,1,2,0,2
11,3,3,0,1,1,1,2
12,3,3,0,1,1,2,2
13,3,3,0,1,1,0,2
14,3,3,0,1,0,1,2
15,3,3,0,1,0,0,2
16,3,3,0,2,2,1,2
17,3,3,0,2,2,2,2
18,3,3,0,2,2,0,2
19,3,3,0,2,1,1,2
20,3,3,0,2,1,2,2
21,3,3,0,2,0,1,2
22,3,3,0,2,0,2,2
23,3,3,0,2,0,0,2
24,3,3,1,0,2,1,2
25,3,3,1,0,2,2,2
26,3,3,1,0,1,1,2
27,3,3,1,0,1,2,2
28,3,3,1,0,1,0,2
29,3,3,1,0,0,1,2
30,3,3,1,0,0,2,2
31,3,3,1,0,0,0,2
32,3,3,1,1,2,1,2
33,3,3,1,1,2,2,2
34,3,3,1,1,2,0,2
35,3,3,1,1,1,1,2
36,3,3,1,1,1,2,2
37,3,3,1,1,1,0,2
38,3,3,1,1,0,1,2
39,3,3,1,1,0,2,2
40,3,3,1,1,0,0,2
41,3,3,1,2,2,1,2
42,3,3,1,2,2,0,2
43,3,3,1,2,1,1,2
44,3,3,1,2,1,0,2
45,3,3,1,2,0,1,2
46,3,3,1,2,0,2,2
47,3,3,1,2,0,0,2
48,3,3,2,0,2,2,2
49,3,3,2,0,1,1,2
50,3,3,2,0,1,2,2
51,3,3,2,1,2,1,2
52,3,3,2,1,2,2,2
53,3,3,2,1,2,0,2
54,3,3,2,1,1,0,2
55,3,3,2,1,0,1,2
56,3,3,2,1,0,2,2
57,3,3,2,1,0,0,2
58,3,3,2,2,2,1,2
59,3,3,2,2,2,2,2
60,3,3,2,2,1,1,2
61,3,3,2,2,1,2,2
62,3,3,2,2,0,1,2
63,3,3,2,2,0,0,2
64,3,3,3,0,2,1,2
65,3,3,3,0,2,2,2
66,3,3,3,0,2,0,2
67,3,3,3,0,1,2,2
68,3,3,3,0,1,0,2
69,3,3,3,0,0,1,2
70,3,3,3,0,0,2,2
71,3,3,3,1,2,2,2
72,3,3,3,1,1,1,2
73,3,3,3,1,1,0,2
74,3,3,3,1,0,1,2
75,3,3,3,1,0,0,2
76,3,3,3,2,2,1,2
77,3,3,3,2,2,2,2
78,3,3,3,2,1,1,2
79,3,3,3,2,1,0,2
80,3,3,3,2,0,1,2
81,3,3,3,2,0,2,2
82,3,3,3,2,0,0,2
83,3,0,0,0,2,1,2
84,3,0,0,0,2,2,2
85,3,0,0,0,2,0,2
86,3,0,0,0,1,1,2
87,3,0,0,0,1,2,2
88,3,0,0,0,1,0,2
89,3,0,0,0,0,2,2
90,3,0,0,1,2,1,2
91,3,0,0,1,2,2,2
92,3,0,0,1,2,0,2
93,3,0,0,1,1,2,2
94,3,0,0,1,0,1,2
95,3,0,0,2,2,1,2
96,3,0,0,2,1,1,2
97,3,0,0,2,1,0,2
98,3,0,0,2,0,2,2
99,3,0,0,2,0,0,2
100,3,0,1,0,2,2,2
101,3,0,1,0,2,0,2
102,3,0,1,0,1,1,2
103,3,0,1,0,1,2,2
104,3,0,1,0,1,0,2
105,3,0,1,0,0,1,2
106,3,0,1,0,0,2,2
107,3,0,1,0,0,0,2
108,3,0,1,1,2,1,2
109,3,0,1,1,2,0,2
110,3,0,1,1,1,1,2
111,3,0,1,1,1,2,2
112,3,0,1,1,1,0,2
113,3,0,1,1,0,1,2
114,3,0,1,1,0,2,2
115,3,0,1,2,2,1,2
116,3,0,1,2,2,0,2
117,3,0,1,2,1,1,2
118,3,0,1,2,1,0,2
119,3,0,1,2,0,1,2
120,3,0,1,2,0,2,2
121,3,0,2,0,2,1,2
122,3,0,2,0,2,2,2
123,3,0,2,0,2,0,2
124,3,0,2,0,1,1,2
125,3,0,2,0,1,2,2
126,3,0,2,0,1,0,2
127,3,0,2,0,0,1,2
128,3,0,2,0,0,2,2
129,3,0,2,0,0,0,2
130,3,0,2,1,2,1,2
131,3,0,2,1,2,0,2
132,3,0,2,1,1,1,2
133,3,0,2,1,1,2,2
134,3,0,2,1,1,0,2
135,3,0,2,1,0,1,2
136,3,0,2,1,0,2,2
137,3,0,2,1,0,0,2
138,3,0,2,2,2,1,2
139,3,0,2,2,2,2,2
140,3,0,2,2,2,0,2
141,3,0,2,2,1,1,2
142,3,0,2,2,1,2,2
143,3,0,2,2,1,0,2
144,3,0,2,2,0,1,2
145,3,0,2,2,0,0,2
146,3,0,3,0,2,2,2
147,3,0,3,0,2,0,2
148,3,0,3,0,1,1,2
149,3,0,3,0,1,0,2
150,3,0,3,0,0,2,2
151,3,0,3,1,2,1,2
152,3,0,3,1,2,2,2
153,3,0,3,1,2,0,2
154,3,0,3,1,1,1,2
155,3,0,3,1,1,2,2
156,3,0,3,1,1,0,2
157,3,0,3,1,0,1,2
158,3,0,3,1,0,2,2
159,3,0,3,1,0,0,2
160,3,0,3,2,2,1,2
161,3,0,3,2,2,2,2
162,3,0,3,2,2,0,2
163,3,0,3,2,1,2,2
164,3,0,3,2,1,0,2
165,3,0,3,2,0,2,2
166,3,0,3,2,0,0,2
167,3,2,0,0,2,1,2
168,3,2,0,0,2,2,2
169,3,2,0,0,2,0,2
170,3,2,0,0,1,1,2
171,3,2,0,0,1,2,2
172,3,2,0,0,1,0,2
173,3,2,0,0,0,1,2
174,3,2,0,0,0,2,2
175,3,2,0,0,0,0,2
176,3,2,0,1,2,1,2
177,3,2,0,1,2,2,2
178,3,2,0,1,2,0,0
179,3,2,0,1,1,1,2
180,3,2,0,1,1,2,2
181,3,2,0,1,1,0,0
182,3,2,0,1,0,1,2
183,3,2,0,1,0,2,0
184,3,2,0,2,2,1,2
185,3,2,0,2,2,2,2
186,3,2,0,2,2,0,2
187,3,2,0,2,1,2,2
188,3,2,0,2,0,0,0
189,3,2,1,0,2,1,2
190,3,2,1,0,2,2,2
191,3,2,1,0,1,1,2
192,3,2,1,0,1,0,2
193,3,2,1,0,0,2,2
194,3,2,1,0,0,0,2
195,3,2,1,1,2,1,2
196,3,2,1,1,2,2,2
197,3,2,1,1,2,0,0
198,3,2,1,1,1,1,2
199,3,2,1,1,1,2,2
200,3,2,1,1,1,0,0
201,3,2,1,1,0,0,0
202,3,2,1,2,2,1,2
203,3,2,1,2,1,1,2
204,3,2,1,2,1,2,0
205,3,2,1,2,0,1,2
206,3,2,1,2,0,0,0
207,3,2,2,0,2,2,2
208,3,2,2,0,2,0,2
209,3,2,2,0,1,1,2
210,3,2,2,0,1,2,2
211,3,2,2,0,1,0,2
212,3,2,2,0,0,1,2
213,3,2,2,0,0,0,2
214,3,2,2,1,2,1,2
215,3,2,2,1,2,2,2
216,3,2,2,1,2,0,0
217,3,2,2,1,1,1,2
218,3,2,2,1,1,2,0
219,3,2,2,1,1,0,0
220,3,2,2,1,0,1,2
221,3,2,2,1,0,2,0
222,3,2,2,1,0,0,0
223,3,2,2,2,2,1,2
224,3,2,2,2,2,2,2
225,3,2,2,2,2,0,0
226,3,2,2,2,1,1,2
227,3,2,2,2,1,0,0
228,3,2,2,2,0,1,2
229,3,2,2,2,0,0,0
230,3,2,3,0,2,1,2
231,3,2,3,0,2,0,2
232,3,2,3,0,1,1,2
233,3,2,3,0,1,2,2
234,3,2,3,0,1,0,2
235,3,2,3,0,0,1,2
236,3,2,3,0,0,2,2
237,3,2,3,0,0,0,2
238,3,2,3,1,2,1,2
239,3,2,3,1,2,2,2
240,3,2,3,1,2,0,0
241,3,2,3,1,1,1,2
242,3,2,3,1,1,2,0
243,3,2,3,1,1,0,0
244,3,2,3,1,0,1,2
245,3,2,3,1,0,0,0
246,3,2,3,2,2,1,2
247,3,2,3,2,2,2,2
248,3,2,3,2,2,0,0
249,3,2,3,2,1,1,2
250,3,2,3,2,1,2,0
251,3,2,3,2,1,0,0
252,3,2,3,2,0,1,2
253,3,2,3,2,0,2,0
254,3,2,3,2,0,0,0
255,3,1,0,0,2,0,2
256,3,1,0,0,1,1,2
257,3,1,0,0,1,2,2
258,3,1,0,0,0,2,2
259,3,1,0,0,0,0,2
260,3,1,0,1,2,1,2
261,3,1,0,1,2,2,2
262,3,1,0,1,2,0,0
263,3,1,0,1,1,1,2
264,3,1,0,1,1,2,2
265,3,1,0,1,0,1,2
266,3,1,0,1,0,0,0
267,3,1,0,2,2,1,2
268,3,1,0,2,2,2,2
269,3,1,0,2,2,0,2
270,3,1,0,2,1,0,0
271,3,1,0,2,0,1,2
272,3,1,0,2,0,2,0
273,3,1,0,2,0,0,0
274,3,1,1,0,2,2,2
275,3,1,1,0,2,0,2
276,3,1,1,0,1,1,2
277,3,1,1,0,1,2,2
278,3,1,1,0,1,0,2
279,3,1,1,0,0,1,2
280,3,1,1,1,2,2,2
281,3,1,1,1,2,0,0
282,3,1,1,1,1,2,2
283,3,1,1,1,1,0,0
284,3,1,1,1,0,1,2
285,3,1,1,1,0,2,0
286,3,1,1,1,0,0,0
287,3,1,1,2,2,1,2
288,3,1,1,2,2,2,2
289,3,1,1,2,2,0,0
290,3,1,1,2,1,2,0
291,3,1,1,2,0,1,2
292,3,1,1,2,0,2,0
293,3,1,2,0,2,1,2
294,3,1,2,0,2,0,2
295,3,1,2,0,1,0,2
296,3,1,2,0,0,1,2
297,3,1,2,0,0,2,2
298,3,1,2,0,0,0,2
299,3,1,2,1,2,1,2
300,3,1,2,1,1,1,2
301,3,1,2,1,1,0,0
302,3,1,2,1,0,1,2
303,3,1,2,1,0,2,0
304,3,1,2,1,0,0,0
305,3,1,2,2,2,1,2
306,3,1,2,2,2,2,2
307,3,1,2,2,2,0,0
308,3,1,2,2,1,1,2
309,3,1,2,2,1,2,0
310,3,1,2,2,1,0,0
311,3,1,2,2,0,1,2
312,3,1,2,2,0,2,0
313,3,1,2,2,0,0,0
314,3,1,3,0,2,1,2
315,3,1,3,0,2,2,2
316,3,1,3,0,2,0,2
317,3,1,3,0,1,1,2
318,3,1,3,0,0,1,2
319,3,1,3,0,0,2,2
320,3,1,3,1,2,1,2
321,3,1,3,1,2,2,2
322,3,1,3,1,2,0,0
323,3,1,3,1,1,1,2
324,3,1,3,1,1,0,0
325,3,1,3,1,0,0,0
326,3,1,3,2,2,1,2
327,3,1,3,2,2,2,2
328,3,1,3,2,2,0,0
329,3,1,3,2,1,1,2
330,3,1,3,2,1,2,0
331,3,1,3,2,1,0,0
332,3,1,3,2,0,1,2
333,3,1,3,2,0,2,0
334,0,3,0,0,2,1,2
335,0,3,0,0,2,2,2
336,0,3,0,0,1,1,2
337,0,3,0,0,1,0,2
338,0,3,0,0,0,1,2
339,0,3,0,0,0,0,2
340,0,3,0,1,2,1,2
341,0,3,0,1,2,0,2
342,0,3,0,1,1,1,2
343,0,3,0,1,1,0,2
344,0,3,0,1,0,1,2
345,0,3,0,1,0,0,2
346,0,3,0,2,2,1,2
347,0,3,0,2,2,2,2
348,0,3,0,2,2,0,2
349,0,3,0,2,1,1,2
350,0,3,0,2,0,1,2
351,0,3,0,2,0,2,2
352,0,3,0,2,0,0,2
353,0,3,1,0,2,1,2
354,0,3,1,0,2,2,2
355,0,3,1,0,1,1,2
356,0,3,1,0,1,2,2
357,0,3,1,0,1,0,2
358,0,3,1,0,0,1,2
359,0,3,1,0,0,0,2
360,0,3,1,1,2,1,2
361,0,3,1,1,2,2,2
362,0,3,1,1,2,0,2
363,0,3,1,1,1,1,2
364,0,3,1,1,1,2,2
365,0,3,1,1,1,0,2
366,0,3,1,1,0,2,2
367,0,3,1,1,0,0,2
368,0,3,1,2,2,1,2
369,0,3,1,2,2,0,2
370,0,3,1,2,1,1,2
371,0,3,1,2,1,2,2
372,0,3,1,2,1,0,2
373,0,3,1,2,0,1,2
374,0,3,1,2,0,0,2
375,0,3,2,0,2,0,2
376,0,3,2,0,1,1,2
377,0,3,2,0,1,2,2
378,0,3,2,0,0,1,2
379,0,3,2,0,0,2,2
380,0,3,2,0,0,0,2
381,0,3,2,1,2,1,2
382,0,3,2,1,2,0,2
383,0,3,2,1,1,1,2
384,0,3,2,1,0,1,2
385,0,3,2,1,0,2,2
386,0,3,2,1,0,0,2
387,0,3,2,2,2,2,2
388,0,3,2,2,2,0,2
389,0,3,2,2,1,1,2
390,0,3,2,2,0,1,2
391,0,3,2,2,0,2,2
392,0,3,2,2,0,0,2
393,0,3,3,0,2,1,2
394,0,3,3,0,2,2,2
395,0,3,3,0,2,0,2
396,0,3,3,0,1,1,2
397,0,3,3,0,1,2,2
398,0,3,3,0,0,1,2
399,0,3,3,0,0,2,2
400,0,3,3,0,0,0,2
401,0,3,3,1,2,1,2
402,0,3,3,1,2,2,2
403,0,3,3,1,2,0,2
404,0,3,3,1,1,1,2
405,0,3,3,1,1,2,2
406,0,3,3,1,1,0,2
407,0,3,3,1,0,1,2
408,0,3,3,1,0,2,2
409,0,3,3,1,0,0,2
410,0,3,3,2,2,1,2
411,0,3,3,2,2,2,2
412,0,3,3,2,1,2,2
413,0,3,3,2,1,0,2
414,0,3,3,2,0,1,2
415,0,3,3,2,0,2,2
416,0,3,3,2,0,0,2
417,0,0,0,0,2,1,2
418,0,0,0,0,2,2,2
419,0,0,0,0,2,0,2
420,0,0,0,0,1,1,2
421,0,0,0,0,1,2,2
422,0,0,0,0,1,0,2
423,0,0,0,0,0,2,2
424,0,0,0,0,0,0,2
425,0,0,0,1,2,1,2
426,0,0,0,1,2,2,2
427,0,0,0,1,2,0,0
428,0,0,0,1,1,2,2
429,0,0,0,1,1,0,0
430,0,0,0,1,0,1,2
431,0,0,0,1,0,2,0
432,0,0,0,1,0,0,0
433,0,0,0,2,2,1,2
434,0,0,0,2,2,2,2
435,0,0,0,2,1,1,2
436,0,0,0,2,1,2,2
437,0,0,0,2,0,2,0
438,0,0,0,2,0,0,0
439,0,0,1,0,2,1,2
440,0,0,1,0,2,2,2
441,0,0,1,0,2,0,2
442,0,0,1,0,1,1,2
443,0,0,1,0,1,2,2
444,0,0,1,0,0,1,2
445,0,0,1,0,0,2,2
446,0,0,1,1,2,1,2
447,0,0,1,1,2,2,2
448,0,0,1,1,2,0,0
449,0,0,1,1,1,1,2
450,0,0,1,1,1,0,0
451,0,0,1,1,0,1,2
452,0,0,1,1,0,2,0
453,0,0,1,1,0,0,0
454,0,0,1,2,2,1,2
455,0,0,1,2,2,2,2
456,0,0,1,2,2,0,0
457,0,0,1,2,0,1,2
458,0,0,1,2,0,0,0
459,0,0,2,0,2,1,2
460,0,0,2,0,2,2,2
461,0,0,2,0,2,0,2
462,0,0,2,0,1,1,2
463,0,0,2,0,1,2,2
464,0,0,2,0,1,0,2
465,0,0,2,0,0,0,2
466,0,0,2,1,2,1,2
467,0,0,2,1,2,2,2
468,0,0,2,1,2,0,0
469,0,0,2,1,1,1,2
470,0,0,2,1,1,2,0
471,0,0,2,1,1,0,0
472,0,0,2,1,0,1,2
473,0,0,2,1,0,2,0
474,0,0,2,1,0,0,0
475,0,0,2,2,2,1,2
476,0,0,2,2,2,2,2
477,0,0,2,2,2,0,0
478,0,0,2,2,1,1,2
479,0,0,2,2,1,2,0
480,0,0,2,2,1,0,0
481,0,0,2,2,0,1,2
482,0,0,2,2,0,2,0
483,0,0,3,0,2,2,2
484,0,0,3,0,2,0,2
485,0,0,3,0,1,1,2
486,0,0,3,0,1,2,2
487,0,0,3,0,1,0,2
488,0,0,3,0,0,2,2
489,0,0,3,0,0,0,2
490,0,0,3,1,2,1,2
491,0,0,3,1,2,2,2
492,0,0,3,1,2,0,0
493,0,0,3,1,1,1,2
494,0,0,3,1,1,2,0
495,0,0,3,1,1,0,0
496,0,0,3,1,0,1,2
497,0,0,3,1,0,0,0
498,0,0,3,2,2,1,2
499,0,0,3,2,2,2,2
500,0,0,3,2,2,0,0
501,0,0,3,2,1,2,0
502,0,0,3,2,1,0,0
503,0,0,3,2,0,1,2
504,0,0,3,2,0,0,0
505,0,2,0,0,2,1,2
506,0,2,0,0,2,2,2
507,0,2,0,0,2,0,2
508,0,2,0,0,1,1,2
509,0,2,0,0,1,2,2
510,0,2,0,0,0,1,2
511,0,2,0,0,0,2,2
512,0,2,0,1,2,1,2
513,0,2,0,1,2,2,2
514,0,2,0,1,1,1,2
515,0,2,0,1,1,0,0
516,0,2,0,1,0,1,2
517,0,2,0,1,0,2,0
518,0,2,0,1,0,0,0
519,0,2,0,2,2,1,2
520,0,2,0,2,2,2,2
521,0,2,0,2,1,1,2
522,0,2,0,2,1,2,2
523,0,2,0,2,1,0,0
524,0,2,0,2,0,1,2
525,0,2,0,2,0,2,0
526,0,2,0,2,0,0,0
527,0,2,1,0,2,1,2
528,0,2,1,0,2,0,2
529,0,2,1,0,1,1,2
530,0,2,1,0,1,2,2
531,0,2,1,0,1,0,2
532,0,2,1,0,0,1,2
533,0,2,1,0,0,2,2
534,0,2,1,0,0,0,2
535,0,2,1,1,2,2,2
536,0,2,1,1,2,0,0
537,0,2,1,1,1,1,2
538,0,2,1,1,1,2,2
539,0,2,1,1,0,1,2
540,0,2,1,1,0,2,0
541,0,2,1,2,2,1,2
542,0,2,1,2,2,2,2
543,0,2,1,2,2,0,0
544,0,2,1,2,1,1,2
545,0,2,1,2,1,2,0
546,0,2,1,2,1,0,0
547,0,2,1,2,0,1,2
548,0,2,1,2,0,2,0
549,0,2,1,2,0,0,0
550,0,2,2,0,2,1,2
551,0,2,2,0,2,0,2
552,0,2,2,0,1,1,2
553,0,2,2,0,1,2,2
554,0,2,2,0,1,0,2
555,0,2,2,0,0,1,2
556,0,2,2,0,0,2,2
557,0,2,2,0,0,0,2
558,0,2,2,1,2,2,2
559,0,2,2,1,1,2,0
560,0,2,2,1,0,1,2
561,0,2,2,1,0,2,0
562,0,2,2,1,0,0,0
563,0,2,2,2,2,1,2
564,0,2,2,2,2,0,0
565,0,2,2,2,1,1,2
566,0,2,2,2,1,2,0
567,0,2,2,2,1,0,0
568,0,2,2,2,0,1,2
569,0,2,2,2,0,2,0
570,0,2,2,2,0,0,0
571,0,2,3,0,2,1,2
572,0,2,3,0,2,2,2
573,0,2,3,0,2,0,2
574,0,2,3,0,1,2,2
575,0,2,3,0,0,1,2
576,0,2,3,0,0,2,2
577,0,2,3,0,0,0,2
578,0,2,3,1,2,1,2
579,0,2,3,1,2,2,2
580,0,2,3,1,2,0,0
581,0,2,3,1,1,1,2
582,0,2,3,1,1,2,0
583,0,2,3,1,0,1,2
584,0,2,3,1,0,2,0
585,0,2,3,1,0,0,0
586,0,2,3,2,2,1,2
587,0,2,3,2,2,2,2
588,0,2,3,2,1,1,2
589,0,2,3,2,1,2,0
590,0,2,3,2,1,0,0
591,0,2,3,2,0,2,0
592,0,1,0,0,2,1,2
593,0,1,0,0,2,2,2
594,0,1,0,0,2,0,2
595,0,1,0,0,1,1,2
596,0,1,0,0,1,0,2
597,0,1,0,0,0,2,2
598,0,1,0,0,0,0,2
599,0,1,0,1,2,1,2
600,0,1,0,1,2,2,2
601,0,1,0,1,2,0,0
602,0,1,0,1,1,1,2
603,0,1,0,1,0,1,2
604,0,1,0,1,0,2,0
605,0,1,0,2,2,0,2
606,0,1,0,2,1,1,2
607,0,1,0,2,1,2,2
608,0,1,0,2,1,0,0
609,0,1,0,2,0,1,2
610,0,1,0,2,0,2,0
611,0,1,0,2,0,0,0
612,0,1,1,0,2,1,2
613,0,1,1,0,2,2,2
614,0,1,1,0,2,0,2
615,0,1,1,0,1,1,2
616,0,1,1,0,1,2,2
617,0,1,1,0,1,0,2
618,0,1,1,0,0,1,2
619,0,1,1,0,0,2,2
620,0,1,1,0,0,0,2
621,0,1,1,1,1,1,2
622,0,1,1,1,1,2,2
623,0,1,1,1,0,1,2
624,0,1,1,1,0,2,0
625,0,1,1,1,0,0,0
626,0,1,1,2,2,0,0
627,0,1,1,2,1,1,2
628,0,1,1,2,1,0,0
629,0,1,1,2,0,2,0
630,0,1,1,2,0,0,0
631,0,1,2,0,2,1,2
632,0,1,2,0,2,2,2
633,0,1,2,0,2,0,2
634,0,1,2,0,1,1,2
635,0,1,2,0,1,2,2
636,0,1,2,0,1,0,2
637,0,1,2,0,0,1,2
638,0,1,2,0,0,2,2
639,0,1,2,1,2,0,0
640,0,1,2,1,1,2,0
641,0,1,2,1,1,0,0
642,0,1,2,1,0,1,2
643,0,1,2,1,0,2,0
644,0,1,2,1,0,0,0
645,0,1,2,2,2,1,2
646,0,1,2,2,2,0,0
647,0,1,2,2,1,1,2
648,0,1,2,2,1,2,0
649,0,1,2,2,1,0,0
650,0,1,2,2,0,1,2
651,0,1,2,2,0,2,0
652,0,1,3,0,2,2,2
653,0,1,3,0,2,0,2
654,0,1,3,0,1,1,2
655,0,1,3,0,1,2,2
656,0,1,3,0,1,0,2
657,0,1,3,0,0,1,2
658,0,1,3,0,0,2,2
659,0,1,3,0,0,0,2
660,0,1,3,1,2,1,2
661,0,1,3,1,1,1,2
662,0,1,3,1,1,0,0
663,0,1,3,1,0,1,2
664,0,1,3,1,0,2,0
665,0,1,3,1,0,0,0
666,0,1,3,2,2,2,2
667,0,1,3,2,2,0,0
668,0,1,3,2,1,1,2
669,0,1,3,2,1,2,0
670,0,1,3,2,0,1,2
671,0,1,3,2,0,2,0
672,2,3,0,0,2,1,2
673,2,3,0,0,2,2,2
674,2,3,0,0,2,0,2
675,2,3,0,0,1,2,2
676,2,3,0,0,1,0,2
677,2,3,0,0,0,1,2
678,2,3,0,0,0,2,2
679,2,3,0,0,0,0,2
680,2,3,0,1,2,1,2
681,2,3,0,1,2,2,2
682,2,3,0,1,2,0,0
683,2,3,0,1,1,1,2
684,2,3,0,1,1,2,2
685,2,3,0,1,1,0,0
686,2,3,0,1,0,1,2
687,2,3,0,1,0,2,0
688,2,3,0,1,0,0,0
689,2,3,0,2,2,1,2
690,2,3,0,2,1,1,2
691,2,3,0,2,1,2,2
692,2,3,0,2,1,0,0
693,2,3,0,2,0,1,2
694,2,3,0,2,0,2,0
695,2,3,0,2,0,0,0
696,2,3,1,0,2,1,2
697,2,3,1,0,2,2,2
698,2,3,1,0,2,0,2
699,2,3,1,0,1,1,2
700,2,3,1,0,1,2,2
701,2,3,1,0,1,0,2
702,2,3,1,0,0,2,2
703,2,3,1,0,0,0,2
704,2,3,1,1,2,0,0
705,2,3,1,1,1,1,2
706,2,3,1,1,1,2,2
707,2,3,1,1,1,0,0
708,2,3,1,1,0,1,2
709,2,3,1,1,0,2,0
710,2,3,1,1,0,0,0
711,2,3,1,2,2,1,2
712,2,3,1,2,2,2,2
713,2,3,1,2,2,0,0
714,2,3,1,2,1,1,2
715,2,3,1,2,1,2,0
716,2,3,1,2,0,1,2
717,2,3,1,2,0,2,0
718,2,3,1,2,0,0,0
719,2,3,2,0,2,1,2
720,2,3,2,0,2,2,2
721,2,3,2,0,1,1,2
722,2,3,2,0,1,0,2
723,2,3,2,0,0,1,2
724,2,3,2,0,0,2,2
725,2,3,2,0,0,0,2
726,2,3,2,1,2,1,2
727,2,3,2,1,2,2,2
728,2,3,2,1,2,0,0
729,2,3,2,1,1,1,2
730,2,3,2,1,0,1,2
731,2,3,2,1,0,2,0
732,2,3,2,1,0,0,0
733,2,3,2,2,2,2,2
734,2,3,2,2,1,1,2
735,2,3,2,2,1,2,0
736,2,3,2,2,1,0,0
737,2,3,2,2,0,1,2
738,2,3,2,2,0,2,0
739,2,3,2,2,0,0,0
740,2,3,3,0,2,1,2
741,2,3,3,0,2,2,2
742,2,3,3,0,2,0,2
743,2,3,3,0,1,1,2
744,2,3,3,0,1,2,2
745,2,3,3,0,1,0,2
746,2,3,3,0,0,1,2
747,2,3,3,0,0,0,2
748,2,3,3,1,2,2,2
749,2,3,3,1,1,1,2
750,2,3,3,1,1,2,0
751,2,3,3,1,1,0,0
752,2,3,3,1,0,2,0
753,2,3,3,1,0,0,0
754,2,3,3,2,2,1,2
755,2,3,3,2,2,2,2
756,2,3,3,2,2,0,0
757,2,3,3,2,1,1,2
758,2,3,3,2,1,2,0
759,2,3,3,2,1,0,0
760,2,3,3,2,0,1,2
761,2,3,3,2,0,2,0
762,2,3,3,2,0,0,0
763,2,0,0,0,2,1,2
764,2,0,0,0,2,0,2
765,2,0,0,0,1,2,2
766,2,0,0,0,0,1,2
767,2,0,0,0,0,2,2
768,2,0,0,1,2,1,2
769,2,0,0,1,2,2,2
770,2,0,0,1,1,1,2
771,2,0,0,1,1,0,0
772,2,0,0,1,0,1,2
773,2,0,0,1,0,2,0
774,2,0,0,1,0,0,0
775,2,0,0,2,2,1,2
776,2,0,0,2,2,2,2
777,2,0,0,2,2,0,2
778,2,0,0,2,1,1,2
779,2,0,0,2,1,2,2
780,2,0,0,2,0,1,2
781,2,0,0,2,0,2,0
782,2,0,0,2,0,0,0
783,2,0,1,0,2,2,2
784,2,0,1,0,2,0,2
785,2,0,1,0,1,1,2
786,2,0,1,0,1,2,2
787,2,0,1,0,1,0,2
788,2,0,1,0,0,1,2
789,2,0,1,0,0,2,2
790,2,0,1,0,0,0,2
791,2,0,1,1,2,1,2
792,2,0,1,1,2,0,0
793,2,0,1,1,1,1,2
794,2,0,1,1,1,0,0
795,2,0,1,1,0,2,0
796,2,0,1,1,0,0,0
797,2,0,1,2,2,1,2
798,2,0,1,2,2,0,0
799,2,0,1,2,1,1,2
800,2,0,1,2,1,2,0
801,2,0,1,2,1,0,0
802,2,0,1,2,0,1,2
803,2,0,1,2,0,0,0
804,2,0,2,0,2,0,2
805,2,0,2,0,1,1,2
806,2,0,2,0,1,2,2
807,2,0,2,0,0,1,2
808,2,0,2,0,0,2,2
809,2,0,2,0,0,0,2
810,2,0,2,1,2,1,2
811,2,0,2,1,2,0,0
812,2,0,2,1,1,2,0
813,2,0,2,1,1,0,0
814,2,0,2,1,0,1,2
815,2,0,2,1,0,2,0
816,2,0,2,2,2,1,2
817,2,0,2,2,2,2,2
818,2,0,2,2,2,0,0
819,2,0,2,2,1,1,2
820,2,0,2,2,0,1,2
821,2,0,2,2,0,2,0
822,2,0,3,0,2,1,2
823,2,0,3,0,2,2,2
824,2,0,3,0,2,0,2
825,2,0,3,0,1,2,2
826,2,0,3,0,1,0,2
827,2,0,3,0,0,0,2
828,2,0,3,1,2,2,2
829,2,0,3,1,2,0,0
830,2,0,3,1,1,1,2
831,2,0,3,1,1,0,0
832,2,0,3,1,0,1,2
833,2,0,3,1,0,2,0
834,2,0,3,1,0,0,0
835,2,0,3,2,2,1,2
836,2,0,3,2,2,2,2
837,2,0,3,2,2,0,0
838,2,0,3,2,1,2,0
839,2,0,3,2,1,0,0
840,2,0,3,2,0,2,0
841,2,0,3,2,0,0,0
842,2,2,0,0,2,1,2
843,2,2,0,0,2,2,2
844,2,2,0,0,2,0,2
845,2,2,0,0,1,1,2
846,2,2,0,0,1,0,2
847,2,2,0,0,0,1,2
848,2,2,0,0,0,2,2
849,2,2,0,0,0,0,2
850,2,2,0,1,2,1,2
851,2,2,0,1,2,2,0
852,2,2,0,1,2,0,0
853,2,2,0,1,1,1,2
854,2,2,0,1,1,0,0
855,2,2,0,1,0,0,3
856,2,2,0,2,2,1,2
857,2,2,0,2,2,0,2
858,2,2,0,2,1,1,2
859,2,2,0,2,1,0,0
860,2,2,0,2,0,2,0
861,2,2,1,0,2,2,2
862,2,2,1,0,2,0,2
863,2,2,1,0,1,1,2
864,2,2,1,0,1,2,2
865,2,2,1,0,1,0,2
866,2,2,1,0,0,1,2
867,2,2,1,0,0,0,2
868,2,2,1,1,2,1,2
869,2,2,1,1,2,2,0
870,2,2,1,1,2,0,0
871,2,2,1,1,1,2,0
872,2,2,1,1,1,0,0
873,2,2,1,1,0,1,2
874,2,2,1,1,0,2,0
875,2,2,1,1,0,0,3
876,2,2,1,2,2,1,2
877,2,2,1,2,2,2,0
878,2,2,1,2,2,0,0
879,2,2,1,2,1,1,2
880,2,2,1,2,1,2,0
881,2,2,1,2,1,0,3
882,2,2,1,2,0,0,3
883,2,2,2,0,2,1,2
884,2,2,2,0,2,2,2
885,2,2,2,0,2,0,2
886,2,2,2,0,1,2,2
887,2,2,2,0,1,0,2
888,2,2,2,0,0,1,2
889,2,2,2,0,0,2,2
890,2,2,2,0,0,0,2
891,2,2,2,1,2,1,2
892,2,2,2,1,2,2,0
893,2,2,2,1,2,0,0
894,2,2,2,1,1,1,2
895,2,2,2,1,1,0,3
896,2,2,2,1,0,1,2
897,2,2,2,1,0,2,0
898,2,2,2,2,2,1,2
899,2,2,2,2,2,2,0
900,2,2,2,2,1,1,2
901,2,2,2,2,1,2,0
902,2,2,2,2,1,0,3
903,2,2,2,2,0,1,2
904,2,2,2,2,0,2,0
905,2,2,2,2,0,0,3
906,2,2,3,0,2,1,2
907,2,2,3,0,2,2,2
908,2,2,3,0,2,0,2
909,2,2,3,0,1,1,2
910,2,2,3,0,1,2,2
911,2,2,3,0,1,0,2
912,2,2,3,0,0,1,2
913,2,2,3,0,0,2,2
914,2,2,3,0,0,0,2
915,2,2,3,1,2,1,2
916,2,2,3,1,2,2,0
917,2,2,3,1,2,0,0
918,2,2,3,1,1,1,2
919,2,2,3,1,1,2,0
920,2,2,3,1,1,0,3
921,2,2,3,1,0,1,2
922,2,2,3,1,0,2,0
923,2,2,3,1,0,0,3
924,2,2,3,2,2,1,2
925,2,2,3,2,1,1,2
926,2,2,3,2,1,2,0
927,2,2,3,2,1,0,3
928,2,2,3,2,0,0,3
929,2,1,0,0,1,1,2
930,2,1,0,0,1,0,2
931,2,1,0,0,0,1,2
932,2,1,0,0,0,0,2
933,2,1,0,1,2,1,2
934,2,1,0,1,2,2,0
935,2,1,0,1,2,0,1
936,2,1,0,1,1,1,2
937,2,1,0,1,1,2,0
938,2,1,0,1,1,0,1
939,2,1,0,1,0,1,2
940,2,1,0,1,0,2,1
941,2,1,0,1,0,0,3
942,2,1,0,2,2,1,2
943,2,1,0,2,2,2,2
944,2,1,0,2,1,1,2
945,2,1,0,2,1,2,0
946,2,1,0,2,1,0,1
947,2,1,0,2,0,1,2
948,2,1,0,2,0,0,3
949,2,1,1,0,2,1,2
950,2,1,1,0,2,2,2
951,2,1,1,0,2,0,2
952,2,1,1,0,1,1,2
953,2,1,1,0,1,2,2
954,2,1,1,0,1,0,2
955,2,1,1,1,2,1,2
956,2,1,1,1,2,0,1
957,2,1,1,1,1,1,2
958,2,1,1,1,1,2,0
959,2,1,1,1,0,1,2
960,2,1,1,1,0,0,3
961,2,1,1,2,2,1,2
962,2,1,1,2,2,2,0
963,2,1,1,2,2,0,1
964,2,1,1,2,1,2,1
965,2,1,1,2,1,0,3
966,2,1,1,2,0,2,1
967,2,1,2,0,2,1,2
968,2,1,2,0,2,2,2
969,2,1,2,0,1,1,2
970,2,1,2,0,1,2,2
971,2,1,2,0,1,0,2
972,2,1,2,0,0,2,2
973,2,1,2,0,0,0,2
974,2,1,2,1,2,1,2
975,2,1,2,1,2,2,0
976,2,1,2,1,2,0,1
977,2,1,2,1,1,1,2
978,2,1,2,1,1,2,1
979,2,1,2,1,1,0,3
980,2,1,2,1,0,1,2
981,2,1,2,1,0,2,1
982,2,1,2,2,2,1,2
983,2,1,2,2,2,2,0
984,2,1,2,2,2,0,1
985,2,1,2,2,1,1,2
986,2,1,2,2,1,2,1
987,2,1,2,2,0,1,2
988,2,1,2,2,0,2,1
989,2,1,2,2,0,0,3
990,2,1,3,0,2,1,2
991,2,1,3,0,2,2,2
992,2,1,3,0,2,0,2
993,2,1,3,0,1,2,2
994,2,1,3,0,1,0,2
995,2,1,3,0,0,1,2
996,2,1,3,0,0,2,2
997,2,1,3,0,0,0,2
998,2,1,3,1,2,1,2
999,2,1,3,1,2,0,1
1000,2,1,3,1,1,1,2
1001,2,1,3,1,1,2,1
1002,2,1,3,1,0,2,1
1003,2,1,3,1,0,0,3
1004,2,1,3,2,2,1,2
1005,2,1,3,2,2,2,0
1006,2,1,3,2,2,0,1
1007,2,1,3,2,1,1,2
1008,2,1,3,2,1,2,1
1009,2,1,3,2,1,0,3
1010,2,1,3,2,0,1,2
1011,2,1,3,2,0,2,1
1012,2,1,3,2,0,0,3
1013,1,3,0,0,2,1,2
1014,1,3,0,0,2,2,2
1015,1,3,0,0,2,0,2
1016,1,3,0,0,1,1,2
1017,1,3,0,0,1,0,2
1018,1,3,0,0,0,1,2
1019,1,3,0,0,0,2,2
1020,1,3,0,0,0,0,2
1021,1,3,0,1,2,1,2
1022,1,3,0,1,2,2,2
1023,1,3,0,1,2,0,0
1024,1,3,0,1,1,1,2
1025,1,3,0,1,1,2,2
1026,1,3,0,1,1,0,0
1027,1,3,0,1,0,1,2
1028,1,3,0,1,0,2,0
1029,1,3,0,2,2,2,2
1030,1,3,0,2,2,0,2
1031,1,3,0,2,1,1,2
1032,1,3,0,2,1,2,2
1033,1,3,0,2,1,0,0
1034,1,3,0,2,0,1,2
1035,1,3,0,2,0,2,0
1036,1,3,0,2,0,0,0
1037,1,3,1,0,2,1,2
1038,1,3,1,0,2,0,2
1039,1,3,1,0,1,1,2
1040,1,3,1,0,1,0,2
1041,1,3,1,0,0,2,2
1042,1,3,1,0,0,0,2
1043,1,3,1,1,2,1,2
1044,1,3,1,1,2,2,2
1045,1,3,1,1,2,0,0
1046,1,3,1,1,1,1,2
1047,1,3,1,1,1,2,2
1048,1,3,1,1,0,1,2
1049,1,3,1,1,0,0,0
1050,1,3,1,2,2,1,2
1051,1,3,1,2,2,2,2
1052,1,3,1,2,2,0,0
1053,1,3,1,2,1,1,2
1054,1,3,1,2,1,2,0
1055,1,3,1,2,1,0,0
1056,1,3,1,2,0,1,2
1057,1,3,1,2,0,2,0
1058,1,3,1,2,0,0,0
1059,1,3,2,0,2,1,2
1060,1,3,2,0,1,1,2
1061,1,3,2,0,1,2,2
1062,1,3,2,0,1,0,2
1063,1,3,2,0,0,1,2
1064,1,3,2,0,0,2,2
1065,1,3,2,0,0,0,2
1066,1,3,2,1,2,1,2
1067,1,3,2,1,2,2,2
1068,1,3,2,1,2,0,0
1069,1,3,2,1,1,1,2
1070,1,3,2,1,1,2,0
1071,1,3,2,1,1,0,0
1072,1,3,2,1,0,1,2
1073,1,3,2,1,0,0,0
1074,1,3,2,2,2,2,2
1075,1,3,2,2,2,0,0
1076,1,3,2,2,1,1,2
1077,1,3,2,2,1,2,0
1078,1,3,2,2,1,0,0
1079,1,3,2,2,0,1,2
1080,1,3,2,2,0,2,0
1081,1,3,2,2,0,0,0
1082,1,3,3,0,2,1,2
1083,1,3,3,0,2,2,2
1084,1,3,3,0,2,0,2
1085,1,3,3,0,1,1,2
1086,1,3,3,0,1,0,2
1087,1,3,3,0,0,2,2
1088,1,3,3,0,0,0,2
1089,1,3,3,1,2,1,2
1090,1,3,3,1,2,2,2
1091,1,3,3,1,2,0,0
1092,1,3,3,1,1,1,2
1093,1,3,3,1,1,2,0
1094,1,3,3,1,1,0,0
1095,1,3,3,1,0,1,2
1096,1,3,3,1,0,2,0
1097,1,3,3,1,0,0,0
1098,1,3,3,2,2,2,2
1099,1,3,3,2,1,1,2
1100,1,3,3,2,1,2,0
1101,1,3,3,2,0,2,0
1102,1,3,3,2,0,0,0
1103,1,0,0,0,2,1,2
1104,1,0,0,0,2,2,2
1105,1,0,0,0,1,1,2
1106,1,0,0,0,1,2,2
1107,1,0,0,0,1,0,2
1108,1,0,0,0,0,1,2
1109,1,0,0,0,0,2,2
1110,1,0,0,0,0,0,2
1111,1,0,0,1,2,1,2
1112,1,0,0,1,2,2,0
1113,1,0,0,1,2,0,0
1114,1,0,0,1,1,1,2
1115,1,0,0,1,1,0,0
1116,1,0,0,1,0,1,2
1117,1,0,0,1,0,2,0
1118,1,0,0,1,0,0,3
1119,1,0,0,2,2,1,2
1120,1,0,0,2,2,2,2
1121,1,0,0,2,2,0,2
1122,1,0,0,2,1,1,2
1123,1,0,0,2,1,0,0
1124,1,0,0,2,0,2,0
1125,1,0,0,2,0,0,3
1126,1,0,1,0,2,1,2
1127,1,0,1,0,2,0,2
1128,1,0,1,0,1,2,2
1129,1,0,1,0,1,0,2
1130,1,0,1,0,0,1,2
1131,1,0,1,0,0,0,2
1132,1,0,1,1,2,1,2
1133,1,0,1,1,2,0,0
1134,1,0,1,1,1,2,0
1135,1,0,1,1,1,0,0
1136,1,0,1,1,0,1,2
1137,1,0,1,1,0,2,0
1138,1,0,1,2,2,1,2
1139,1,0,1,2,2,2,0
1140,1,0,1,2,1,1,2
1141,1,0,1,2,1,2,0
1142,1,0,1,2,0,2,0
1143,1,0,1,2,0,0,3
1144,1,0,2,0,2,1,2
1145,1,0,2,0,2,0,2
1146,1,0,2,0,1,1,2
1147,1,0,2,0,1,0,2
1148,1,0,2,0,0,1,2
1149,1,0,2,0,0,2,2
1150,1,0,2,1,2,1,2
1151,1,0,2,1,2,2,0
1152,1,0,2,1,1,1,2
1153,1,0,2,1,1,2,0
1154,1,0,2,1,0,1,2
1155,1,0,2,1,0,0,3
1156,1,0,2,2,2,2,0
1157,1,0,2,2,2,0,0
1158,1,0,2,2,0,1,2
1159,1,0,2,2,0,2,0
1160,1,0,3,0,2,1,2
1161,1,0,3,0,2,2,2
1162,1,0,3,0,2,0,2
1163,1,0,3,0,1,1,2
1164,1,0,3,0,1,2,2
1165,1,0,3,0,0,2,2
1166,1,0,3,0,0,0,2
1167,1,0,3,1,2,1,2
1168,1,0,3,1,2,0,0
1169,1,0,3,1,1,1,2
1170,1,0,3,1,1,2,0
1171,1,0,3,1,1,0,3
1172,1,0,3,1,0,1,2
1173,1,0,3,1,0,0,3
1174,1,0,3,2,2,1,2
1175,1,0,3,2,2,2,0
1176,1,0,3,2,2,0,0
1177,1,0,3,2,1,1,2
1178,1,0,3,2,1,2,0
1179,1,0,3,2,1,0,3
1180,1,0,3,2,0,1,2
1181,1,0,3,2,0,2,0
1182,1,0,3,2,0,0,3
1183,1,2,0,0,2,1,2
1184,1,2,0,0,2,2,2
1185,1,2,0,0,1,2,2
1186,1,2,0,0,0,1,2
1187,1,2,0,0,0,2,2
1188,1,2,0,1,2,1,2
1189,1,2,0,1,2,2,0
1190,1,2,0,1,2,0,1
1191,1,2,0,1,1,2,0
1192,1,2,0,1,1,0,1
1193,1,2,0,1,0,1,2
1194,1,2,0,1,0,2,1
1195,1,2,0,2,2,1,2
1196,1,2,0,2,2,2,2
1197,1,2,0,2,2,0,2
1198,1,2,0,2,1,1,2
1199,1,2,0,2,0,1,2
1200,1,2,0,2,0,2,1
1201,1,2,0,2,0,0,3
1202,1,2,1,0,2,1,2
1203,1,2,1,0,2,2,2
1204,1,2,1,0,2,0,2
1205,1,2,1,0,1,2,2
1206,1,2,1,0,1,0,2
1207,1,2,1,0,0,1,2
1208,1,2,1,0,0,0,2
1209,1,2,1,1,2,1,2
1210,1,2,1,1,2,2,0
1211,1,2,1,1,2,0,1
1212,1,2,1,1,1,1,2
1213,1,2,1,1,0,2,1
1214,1,2,1,2,2,1,2
1215,1,2,1,2,2,2,0
1216,1,2,1,2,1,1,2
1217,1,2,1,2,1,2,1
1218,1,2,1,2,1,0,3
1219,1,2,1,2,0,1,2
1220,1,2,1,2,0,2,1
1221,1,2,1,2,0,0,3
1222,1,2,2,0,2,1,2
1223,1,2,2,0,2,2,2
1224,1,2,2,0,2,0,2
1225,1,2,2,0,1,1,2
1226,1,2,2,0,1,2,2
1227,1,2,2,0,1,0,2
1228,1,2,2,0,0,2,2
1229,1,2,2,0,0,0,2
1230,1,2,2,1,2,1,2
1231,1,2,2,1,1,1,2
1232,1,2,2,1,1,2,1
1233,1,2,2,1,1,0,3
1234,1,2,2,1,0,1,2
1235,1,2,2,1,0,2,1
1236,1,2,2,1,0,0,3
1237,1,2,2,2,2,2,0
1238,1,2,2,2,2,0,1
1239,1,2,2,2,1,1,2
1240,1,2,2,2,1,0,3
1241,1,2,2,2,0,1,2
1242,1,2,2,2,0,2,1
1243,1,2,2,2,0,0,3
1244,1,2,3,0,2,1,2
1245,1,2,3,0,2,2,2
1246,1,2,3,0,2,0,2
1247,1,2,3,0,1,1,2
1248,1,2,3,0,1,2,2
1249,1,2,3,0,0,1,2
1250,1,2,3,0,0,0,2
1251,1,2,3,1,2,1,2
1252,1,2,3,1,2,2,0
1253,1,2,3,1,2,0,1
1254,1,2,3,1,1,1,2
1255,1,2,3,1,1,2,1
1256,1,2,3,1,0,1,2
1257,1,2,3,1,0,2,1
1258,1,2,3,1,0,0,3
1259,1,2,3,2,2,2,0
1260,1,2,3,2,2,0,1
1261,1,2,3,2,1,1,2
1262,1,2,3,2,1,2,1
1263,1,2,3,2,1,0,3
1264,1,2,3,2,0,1,2
1265,1,2,3,2,0,2,1
1266,1,2,3,2,0,0,3
1267,1,1,0,0,2,1,2
1268,1,1,0,0,2,2,2
1269,1,1,0,0,2,0,2
1270,1,1,0,0,1,1,2
1271,1,1,0,0,1,0,2
1272,1,1,0,0,0,1,2
1273,1,1,0,0,0,2,2
1274,1,1,0,0,0,0,2
1275,1,1,0,1,2,1,2
1276,1,1,0,1,2,2,0
1277,1,1,0,1,1,0,1
1278,1,1,0,1,0,1,2
1279,1,1,0,1,0,2,1
1280,1,1,0,2,2,1,2
1281,1,1,0,2,2,2,2
1282,1,1,0,2,2,0,2
1283,1,1,0,2,1,1,2
1284,1,1,0,2,1,2,0
1285,1,1,0,2,1,0,1
1286,1,1,0,2,0,1,2
1287,1,1,0,2,0,2,1
1288,1,1,0,2,0,0,3
1289,1,1,1,0,2,1,2
1290,1,1,1,0,2,0,2
1291,1,1,1,0,1,1,2
1292,1,1,1,0,1,2,2
1293,1,1,1,0,1,0,2
1294,1,1,1,0,0,1,2
1295,1,1,1,0,0,2,2
1296,1,1,1,0,0,0,2
1297,1,1,1,1,2,0,1
1298,1,1,1,1,1,1,2
1299,1,1,1,1,1,0,1
1300,1,1,1,1,0,1,2
1301,1,1,1,1,0,2,1
1302,1,1,1,2,2,1,2
1303,1,1,1,2,2,2,0
1304,1,1,1,2,2,0,1
1305,1,1,1,2,1,1,2
1306,1,1,1,2,1,2,1
1307,1,1,1,2,1,0,3
1308,1,1,1,2,0,0,3
1309,1,1,2,0,2,1,2
1310,1,1,2,0,2,2,2
1311,1,1,2,0,2,0,2
1312,1,1,2,0,1,1,2
1313,1,1,2,0,1,2,2
1314,1,1,2,0,1,0,2
1315,1,1,2,0,0,1,2
1316,1,1,2,0,0,2,2
1317,1,1,2,0,0,0,2
1318,1,1,2,1,2,1,2
1319,1,1,2,1,2,2,0
1320,1,1,2,1,2,0,1
1321,1,1,2,1,1,1,2
1322,1,1,2,1,1,2,1
1323,1,1,2,1,0,1,2
1324,1,1,2,1,0,2,1
1325,1,1,2,1,0,0,3
1326,1,1,2,2,2,1,2
1327,1,1,2,2,1,1,2
1328,1,1,2,2,1,2,1
1329,1,1,2,2,1,0,3
1330,1,1,2,2,0,1,2
1331,1,1,2,2,0,2,1
1332,1,1,3,0,2,1,2
1333,1,1,3,0,2,2,2
1334,1,1,3,0,2,0,2
1335,1,1,3,0,1,2,2
1336,1,1,3,0,0,1,2
1337,1,1,3,0,0,2,2
1338,1,1,3,0,0,0,2
1339,1,1,3,1,2,1,2
1340,1,1,3,1,2,2,0
1341,1,1,3,1,2,0,1
1342,1,1,3,1,1,1,2
1343,1,1,3,1,0,1,2
1344,1,1,3,1,0,2,1
1345,1,1,3,1,0,0,3
1346,1,1,3,2,2,1,2
1347,1,1,3,2,2,2,0
1348,1,1,3,2,2,0,1
1349,1,1,3,2,1,1,2
1350,1,1,3,2,1,2,1
1351,1,1,3,2,1,0,3
1352,1,1,3,2,0,2,1
1353,1,1,3,2,0,0,3
1354,3,3,0,0,0,2,2
1355,3,3,0,1,0,2,2
1356,3,3,0,2,1,0,2
1357,3,3,1,0,2,0,2
1358,3,3,1,2,2,2,2
1359,3,3,1,2,1,2,2
1360,3,3,2,0,2,1,2
1361,3,3,2,0,2,0,2
1362,3,3,2,0,1,0,2
1363,3,3,2,0,0,1,2
1364,3,3,2,0,0,2,2
1365,3,3,2,0,0,0,2
1366,3,3,2,1,1,1,2
1367,3,3,2,1,1,2,2
1368,3,3,2,2,2,0,2
1369,3,3,2,2,1,0,2
1370,3,3,2,2,0,2,2
1371,3,3,3,0,1,1,2
1372,3,3,3,0,0,0,2
1373,3,3,3,1,2,1,2
1374,3,3,3,1,2,0,2
1375,3,3,3,1,1,2,2
1376,3,3,3,1,0,2,2
1377,3,3,3,2,2,0,2
1378,3,3,3,2,1,2,2
1379,3,0,0,0,0,1,2
1380,3,0,0,0,0,0,2
1381,3,0,0,1,1,1,2
1382,3,0,0,1,1,0,2
1383,3,0,0,1,0,2,2
1384,3,0,0,1,0,0,2
1385,3,0,0,2,2,2,2
1386,3,0,0,2,2,0,2
1387,3,0,0,2,1,2,2
1388,3,0,0,2,0,1,2
1389,3,0,1,0,2,1,2
1390,3,0,1,1,2,2,2
1391,3,0,1,1,0,0,2
1392,3,0,1,2,2,2,2
1393,3,0,1,2,1,2,2
1394,3,0,1,2,0,0,2
1395,3,0,2,1,2,2,2
1396,3,0,2,2,0,2,2
1397,3,0,3,0,2,1,2
1398,3,0,3,0,1,2,2
1399,3,0,3,0,0,1,2
1400,3,0,3,0,0,0,2
1401,3,0,3,2,1,1,2
1402,3,0,3,2,0,1,2
1403,3,2,0,1,0,0,0
1404,3,2,0,2,1,1,2
1405,3,2,0,2,1,0,0
1406,3,2,0,2,0,1,2
1407,3,2,0,2,0,2,0
1408,3,2,1,0,2,0,2
1409,3,2,1,0,1,2,2
1410,3,2,1,0,0,1,2
1411,3,2,1,1,0,1,2
1412,3,2,1,1,0,2,0
1413,3,2,1,2,2,2,2
1414,3,2,1,2,2,0,0
1415,3,2,1,2,1,0,0
1416,3,2,1,2,0,2,0
1417,3,2,2,0,2,1,2
1418,3,2,2,0,0,2,2
1419,3,2,2,2,1,2,0
1420,3,2,2,2,0,2,0
1421,3,2,3,0,2,2,2
1422,3,2,3,1,0,2,0
1423,3,1,0,0,2,1,2
1424,3,1,0,0,2,2,2
1425,3,1,0,0,1,0,2
1426,3,1,0,0,0,1,2
1427,3,1,0,1,1,0,0
1428,3,1,0,1,0,2,0
1429,3,1,0,2,1,1,2
1430,3,1,0,2,1,2,2
1431,3,1,1,0,2,1,2
1432,3,1,1,0,0,2,2
1433,3,1,1,0,0,0,2
1434,3,1,1,1,2,1,2
1435,3,1,1,1,1,1,2
1436,3,1,1,2,1,1,2
1437,3,1,1,2,1,0,0
1438,3,1,1,2,0,0,0
1439,3,1,2,0,2,2,2
1440,3,1,2,0,1,1,2
1441,3,1,2,0,1,2,2
1442,3,1,2,1,2,2,2
1443,3,1,2,1,2,0,0
1444,3,1,2,1,1,2,0
1445,3,1,3,0,1,2,2
1446,3,1,3,0,1,0,2
1447,3,1,3,0,0,0,2
1448,3,1,3,1,1,2,0
1449,3,1,3,1,0,1,2
1450,3,1,3,1,0,2,0
1451,3,1,3,2,0,0,0
1452,0,3,0,0,2,0,2
1453,0,3,0,0,1,2,2
1454,0,3,0,0,0,2,2
1455,0,3,0,1,2,2,2
1456,0,3,0,1,1,2,2
1457,0,3,0,1,0,2,2
1458,0,3,0,2,1,2,2
1459,0,3,0,2,1,0,2
1460,0,3,1,0,2,0,2
1461,0,3,1,0,0,2,2
1462,0,3,1,1,0,1,2
1463,0,3,1,2,2,2,2
1464,0,3,1,2,0,2,2
1465,0,3,2,0,2,1,2
1466,0,3,2,0,2,2,2
1467,0,3,2,0,1,0,2
1468,0,3,2,1,2,2,2
1469,0,3,2,1,1,2,2
1470,0,3,2,1,1,0,2
1471,0,3,2,2,2,1,2
1472,0,3,2,2,1,2,2
1473,0,3,2,2,1,0,2
1474,0,3,3,0,1,0,2
1475,0,3,3,2,2,0,2
1476,0,3,3,2,1,1,2
1477,0,0,0,0,0,1,2
1478,0,0,0,1,1,1,2
1479,0,0,0,2,2,0,2
1480,0,0,0,2,1,0,0
1481,0,0,0,2,0,1,2
1482,0,0,1,0,1,0,2
1483,0,0,1,0,0,0,2
1484,0,0,1,1,1,2,2
1485,0,0,1,2,1,1,2
1486,0,0,1,2,1,2,0
1487,0,0,1,2,1,0,0
1488,0,0,1,2,0,2,0
1489,0,0,2,0,0,1,2
1490,0,0,2,0,0,2,2
1491,0,0,2,2,0,0,0
1492,0,0,3,0,2,1,2
1493,0,0,3,0,0,1,2
1494,0,0,3,1,0,2,0
1495,0,0,3,2,1,1,2
1496,0,0,3,2,0,2,0
1497,0,2,0,0,1,0,2
1498,0,2,0,0,0,0,2
1499,0,2,0,1,2,0,0
1500,0,2,0,1,1,2,2
1501,0,2,0,2,2,0,2
1502,0,2,1,0,2,2,2
1503,0,2,1,1,2,1,2
1504,0,2,1,1,1,0,0
1505,0,2,1,1,0,0,0
1506,0,2,2,0,2,2,2
1507,0,2,2,1,2,1,2
1508,0,2,2,1,2,0,0
1509,0,2,2,1,1,1,2
1510,0,2,2,1,1,0,0
1511,0,2,2,2,2,2,2
1512,0,2,3,0,1,1,2
1513,0,2,3,0,1,0,2
1514,0,2,3,1,1,0,0
1515,0,2,3,2,2,0,0
1516,0,2,3,2,0,1,2
1517,0,2,3,2,0,0,0
1518,0,1,0,0,1,2,2
1519,0,1,0,0,0,1,2
1520,0,1,0,1,1,2,2
1521,0,1,0,1,1,0,0
1522,0,1,0,1,0,0,0
1523,0,1,0,2,2,1,2
1524,0,1,0,2,2,2,2
1525,0,1,1,1,2,1,2
1526,0,1,1,1,2,2,2
1527,0,1,1,1,2,0,0
1528,0,1,1,1,1,0,0
1529,0,1,1,2,2,1,2
1530,0,1,1,2,2,2,2
1531,0,1,1,2,1,2,0
1532,0,1,1,2,0,1,2
1533,0,1,2,0,0,0,2
1534,0,1,2,1,2,1,2
1535,0,1,2,1,2,2,2
1536,0,1,2,1,1,1,2
1537,0,1,2,2,2,2,2
1538,0,1,2,2,0,0,0
1539,0,1,3,0,2,1,2
1540,0,1,3,1,2,2,2
1541,0,1,3,1,2,0,0
1542,0,1,3,1,1,2,0
1543,0,1,3,2,2,1,2
1544,0,1,3,2,1,0,0
1545,0,1,3,2,0,0,0
1546,2,3,0,0,1,1,2
1547,2,3,0,2,2,2,2
1548,2,3,0,2,2,0,2
1549,2,3,1,0,0,1,2
1550,2,3,1,1,2,1,2
1551,2,3,1,1,2,2,2
1552,2,3,1,2,1,0,0
1553,2,3,2,0,2,0,2
1554,2,3,2,0,1,2,2
1555,2,3,2,1,1,2,0
1556,2,3,2,1,1,0,0
1557,2,3,2,2,2,1,2
1558,2,3,2,2,2,0,0
1559,2,3,3,0,0,2,2
1560,2,3,3,1,2,1,2
1561,2,3,3,1,2,0,0
1562,2,3,3,1,0,1,2
1563,2,0,0,0,2,2,2
1564,2,0,0,0,1,1,2
1565,2,0,0,0,1,0,2
1566,2,0,0,0,0,0,2
1567,2,0,0,1,2,0,0
1568,2,0,0,1,1,2,2
1569,2,0,0,2,1,0,0
1570,2,0,1,0,2,1,2
1571,2,0,1,1,2,2,2
1572,2,0,1,1,1,2,2
1573,2,0,1,1,0,1,2
1574,2,0,1,2,2,2,2
1575,2,0,1,2,0,2,0
1576,2,0,2,0,2,1,2
1577,2,0,2,0,2,2,2
1578,2,0,2,0,1,0,2
1579,2,0,2,1,2,2,2
1580,2,0,2,1,1,1,2
1581,2,0,2,1,0,0,0
1582,2,0,2,2,1,2,0
1583,2,0,2,2,1,0,0
1584,2,0,2,2,0,0,0
1585,2,0,3,0,1,1,2
1586,2,0,3,0,0,1,2
1587,2,0,3,0,0,2,2
1588,2,0,3,1,2,1,2
1589,2,0,3,1,1,2,0
1590,2,0,3,2,1,1,2
1591,2,0,3,2,0,1,2
1592,2,2,0,0,1,2,2
1593,2,2,0,1,1,2,0
1594,2,2,0,1,0,1,2
1595,2,2,0,1,0,2,0
1596,2,2,0,2,2,2,2
1597,2,2,0,2,1,2,0
1598,2,2,0,2,0,1,2
1599,2,2,0,2,0,0,3
1600,2,2,1,0,2,1,2
1601,2,2,1,0,0,2,2
1602,2,2,1,1,1,1,2
1603,2,2,1,2,0,1,2
1604,2,2,1,2,0,2,0
1605,2,2,2,0,1,1,2
1606,2,2,2,1,1,2,0
1607,2,2,2,1,0,0,3
1608,2,2,2,2,2,0,0
1609,2,2,3,2,2,2,0
1610,2,2,3,2,2,0,0
1611,2,2,3,2,0,1,2
1612,2,2,3,2,0,2,0
1613,2,1,0,0,2,1,2
1614,2,1,0,0,2,2,2
1615,2,1,0,0,2,0,2
1616,2,1,0,0,1,2,2
1617,2,1,0,0,0,2,2
1618,2,1,0,2,2,0,2
1619,2,1,0,2,0,2,1
1620,2,1,1,0,0,1,2
1621,2,1,1,0,0,2,2
1622,2,1,1,0,0,0,2
1623,2,1,1,1,2,2,0
1624,2,1,1,1,1,0,1
1625,2,1,1,1,0,2,1
1626,2,1,1,2,1,1,2
1627,2,1,1,2,0,1,2
1628,2,1,1,2,0,0,3
1629,2,1,2,0,2,0,2
1630,2,1,2,0,0,1,2
1631,2,1,2,1,0,0,3
1632,2,1,2,2,1,0,3
1633,2,1,3,0,1,1,2
1634,2,1,3,1,2,2,0
1635,2,1,3,1,1,0,3
1636,2,1,3,1,0,1,2
1637,1,3,0,0,1,2,2
1638,1,3,0,1,0,0,0
1639,1,3,0,2,2,1,2
1640,1,3,1,0,2,2,2
1641,1,3,1,0,1,2,2
1642,1,3,1,0,0,1,2
1643,1,3,1,1,1,0,0
1644,1,3,1,1,0,2,0
1645,1,3,2,0,2,2,2
1646,1,3,2,0,2,0,2
1647,1,3,2,1,0,2,0
1648,1,3,2,2,2,1,2
1649,1,3,3,0,1,2,2
1650,1,3,3,0,0,1,2
1651,1,3,3,2,2,1,2
1652,1,3,3,2,2,0,0
1653,1,3,3,2,1,0,0
1654,1,3,3,2,0,1,2
1655,1,0,0,0,2,0,2
1656,1,0,0,1,1,2,0
1657,1,0,0,2,1,2,0
1658,1,0,0,2,0,1,2
1659,1,0,1,0,2,2,2
1660,1,0,1,0,1,1,2
1661,1,0,1,0,0,2,2
1662,1,0,1,1,2,2,0
1663,1,0,1,1,1,1,2
1664,1,0,1,1,0,0,3
1665,1,0,1,2,2,0,0
1666,1,0,1,2,1,0,3
1667,1,0,1,2,0,1,2
1668,1,0,2,0,2,2,2
1669,1,0,2,0,1,2,2
1670,1,0,2,0,0,0,2
1671,1,0,2,1,2,0,0
1672,1,0,2,1,1,0,3
1673,1,0,2,1,0,2,0
1674,1,0,2,2,2,1,2
1675,1,0,2,2,1,1,2
1676,1,0,2,2,1,2,0
1677,1,0,2,2,1,0,3
1678,1,0,2,2,0,0,3
1679,1,0,3,0,1,0,2
1680,1,0,3,0,0,1,2
1681,1,0,3,1,2,2,0
1682,1,0,3,1,0,2,0
1683,1,2,0,0,2,0,2
1684,1,2,0,0,1,1,2
1685,1,2,0,0,1,0,2
1686,1,2,0,0,0,0,2
1687,1,2,0,1,1,1,2
1688,1,2,0,1,0,0,3
1689,1,2,0,2,1,2,0
1690,1,2,0,2,1,0,1
1691,1,2,1,0,1,1,2
1692,1,2,1,0,0,2,2
1693,1,2,1,1,1,2,0
1694,1,2,1,1,1,0,1
1695,1,2,1,1,0,1,2
1696,1,2,1,1,0,0,3
1697,1,2,1,2,2,0,1
1698,1,2,2,0,0,1,2
1699,1,2,2,1,2,2,0
1700,1,2,2,1,2,0,1
1701,1,2,2,2,2,1,2
1702,1,2,2,2,1,2,1
1703,1,2,3,0,1,0,2
1704,1,2,3,0,0,2,2
1705,1,2,3,1,1,0,3
1706,1,2,3,2,2,1,2
1707,1,1,0,0,1,2,2
1708,1,1,0,1,2,0,1
1709,1,1,0,1,1,1,2
1710,1,1,0,1,1,2,0
1711,1,1,0,1,0,0,3
1712,1,1,1,0,2,2,2
1713,1,1,1,1,2,1,2
1714,1,1,1,1,2,2,0
1715,1,1,1,1,1,2,0
1716,1,1,1,1,0,0,3
1717,1,1,1,2,0,1,2
1718,1,1,1,2,0,2,1
1719,1,1,2,1,1,0,3
1720,1,1,2,2,2,2,0
1721,1,1,2,2,2,0,1
1722,1,1,2,2,0,0,3
1723,1,1,3,0,1,1,2
1724,1,1,3,0,1,0,2
1725,1,1,3,1,1,2,1
1726,1,1,3,1,1,0,3
1727,1,1,3,2,0,1,2
